<?xml version = "1.0" standalone = "yes"?>
<TimelineLine_Prefs STK_version = "11.2.0">
    <Views Type = "Content">
        <ContentView Name = "Scenario Availability">
            <Row ClassName = "Scenario" ComponentName = "AvailabilityIntervals" DisplayName = "KRUSHISAT AvailabilityIntervals" IsDefaultName = "True" IsExpanded = "False" IsGroup = "False" IsHidden = "False" Path = "/Application/STK/Scenario/KRUSHISAT" Type = "IntervalList">
                <Interval Name = "KRUSHISAT AvailabilityIntervals" StartTime = "6 Mar 2019 20:00:00.000" StopTime = "31 May 2019 20:00:00.000" />
            </Row>
        </ContentView>
    </Views>
    <Views Type = "Time">
        <TimeView FullViewRulerStartTime = "0.000000" FullViewRulerStopTime = "0.000000" GlobalIntervalComp = "AnalysisInterval" GlobalIntervalCompPath = "/Application/STK/Scenario/KRUSHISAT" GlobalStartOffset = "0.000000" GlobalStartTime = "6 Mar 2019 20:00:00.000" GlobalStopOffset = "0.000000" GlobalStopTime = "31 May 2019 20:00:00.000" MaxFullViewTime = "0.000000" MinFullViewTime = "0.000000" Name = "Scenario Analysis Period" ViewportStartTime = "0.000000" ViewportStopTime = "0.000000" />
    </Views>
</TimelineLine_Prefs>